Workbook

Sheet サマリ
A1: 項目 | B1: 値
A2: 対象期間 | B2: 2026/07/14〜2026/08/10
A3: 総稼働可能時間 | B3: 140
A4: L4タスク件数 | B4: 137
A5: 計画工数合計(h) | B5: 203
A6: 開始日 | B6: 46217
A7: 終了日 | B7: 46244
A8: 管理単位 | B8: L4
A9: SPI基準日 | B9: 46217
A10: SPI算出方法 | B10: SPI = EV / PV。PV=予定工数×計画進捗率、EV=予定工数×実績進捗率

Sheet WBS_L4
A1: WBS ID | B1: L1 フェーズ | C1: L2 ワークストリーム | D1: L3 成果物 | E1: L4 タスク | F1: 予定開始日 | G1: 予定終了日 | H1: 予定工数(h) | I1: 実績開始日 | J1: 実績終了日 | K1: 実績工数(h) | L1: 担当 | M1: クライアント確認者 | N1: ステータス | O1: 優先度 | P1: 依存関係 | Q1: 成果物 | R1: 備考 | S1: 計画進捗率 | T1: 実績進捗率 | U1: PV(h) | V1: EV(h) | W1: SPI | X1: SPI判定
A2: 1.1.1.1 | B2: 要件定義 | C2: スコープ整理 | D2: 要件確認メモ | E2: 要件一覧の対象・対象外を確認する | F2: 46217 | G2: 46217 | H2: 1 | L2: 川波 | M2: 高山、横溝 | N2: 未着手 | O2: 高 | P2: - | Q2: 要件確認メモ | S2: =IF(OR(F2="",G2=""),0,MAX(0,MIN(1,(サマリ!$B$9-F2+1)/(G2-F2+1)))) -> 1 | T2: =IF(N2="完了",1,IF(N2="進行中",0.5,IF(N2="保留",0,0))) -> 0 | U2: =H2*S2 -> 1 | V2: =H2*T2 -> 0 | W2: =IF(U2=0,"",V2/U2) -> 0 | X2: =IF(W2="","未計測",IF(W2>=1,"予定通り/前倒し",IF(W2>=0.9,"要注意","遅延"))) -> 遅延
A3: 1.1.1.2 | B3: 要件定義 | C3: スコープ整理 | D3: 要件確認メモ | E3: 初期リリース対象と次フェーズ対象を分類する | F3: 46217 | G3: 46217 | H3: 1 | L3: 川波 | M3: 高山、横溝 | N3: 未着手 | O3: 高 | P3: 1.1.1.1 | Q3: スコープ分類表 | S3: =IF(OR(F3="",G3=""),0,MAX(0,MIN(1,(サマリ!$B$9-F3+1)/(G3-F3+1)))) -> 1 | T3: =IF(N3="完了",1,IF(N3="進行中",0.5,IF(N3="保留",0,0))) -> 0 | U3: =H3*S3 -> 1 | V3: =H3*T3 -> 0 | W3: =IF(U3=0,"",V3/U3) -> 0 | X3: =IF(W3="","未計測",IF(W3>=1,"予定通り/前倒し",IF(W3>=0.9,"要注意","遅延"))) -> 遅延
A4: 1.1.1.3 | B4: 要件定義 | C4: スコープ整理 | D4: 要件確認メモ | E4: リリース判定に必要な最低要件を定義する | F4: 46217 | G4: 46217 | H4: 1 | L4: 川波 | M4: 高山、加藤 | N4: 未着手 | O4: 高 | P4: 1.1.1.2 | Q4: 最低要件一覧 | S4: =IF(OR(F4="",G4=""),0,MAX(0,MIN(1,(サマリ!$B$9-F4+1)/(G4-F4+1)))) -> 1 | T4: =IF(N4="完了",1,IF(N4="進行中",0.5,IF(N4="保留",0,0))) -> 0 | U4: =H4*S4 -> 1 | V4: =H4*T4 -> 0 | W4: =IF(U4=0,"",V4/U4) -> 0 | X4: =IF(W4="","未計測",IF(W4>=1,"予定通り/前倒し",IF(W4>=0.9,"要注意","遅延"))) -> 遅延
A5: 1.2.1.1 | B5: 要件定義 | C5: 業務フロー | D5: 業務フロー確認表 | E5: 営業の決済URL作成・顧客案内フローを整理する | F5: 46217 | G5: 46218 | H5: 1.5 | L5: 川波 | M5: 玉木、畝山 | N5: 未着手 | O5: 高 | P5: 1.1.1.2 | Q5: 営業フロー | S5: =IF(OR(F5="",G5=""),0,MAX(0,MIN(1,(サマリ!$B$9-F5+1)/(G5-F5+1)))) -> 0.5 | T5: =IF(N5="完了",1,IF(N5="進行中",0.5,IF(N5="保留",0,0))) -> 0 | U5: =H5*S5 -> 0.75 | V5: =H5*T5 -> 0 | W5: =IF(U5=0,"",V5/U5) -> 0 | X5: =IF(W5="","未計測",IF(W5>=1,"予定通り/前倒し",IF(W5>=0.9,"要注意","遅延"))) -> 遅延
A6: 1.2.1.2 | B6: 要件定義 | C6: 業務フロー | D6: 業務フロー確認表 | E6: 経理の未入金・決済済み・返金確認フローを整理する | F6: 46218 | G6: 46218 | H6: 1.5 | L6: 川波 | M6: 中山 | N6: 未着手 | O6: 高 | P6: 1.2.1.1 | Q6: 経理フロー | S6: =IF(OR(F6="",G6=""),0,MAX(0,MIN(1,(サマリ!$B$9-F6+1)/(G6-F6+1)))) -> 0 | T6: =IF(N6="完了",1,IF(N6="進行中",0.5,IF(N6="保留",0,0))) -> 0 | U6: =H6*S6 -> 0 | V6: =H6*T6 -> 0 | W6: =IF(U6=0,"",V6/U6) | X6: =IF(W6="","未計測",IF(W6>=1,"予定通り/前倒し",IF(W6>=0.9,"要注意","遅延"))) -> 未計測
A7: 1.2.1.3 | B7: 要件定義 | C7: 業務フロー | D7: 業務フロー確認表 | E7: CS・経営向け確認範囲を整理する | F7: 46218 | G7: 46218 | H7: 1 | L7: 川波 | M7: 玉木、高山、加藤 | N7: 未着手 | O7: 中 | P7: 1.2.1.2 | Q7: 利用範囲メモ | S7: =IF(OR(F7="",G7=""),0,MAX(0,MIN(1,(サマリ!$B$9-F7+1)/(G7-F7+1)))) -> 0 | T7: =IF(N7="完了",1,IF(N7="進行中",0.5,IF(N7="保留",0,0))) -> 0 | U7: =H7*S7 -> 0 | V7: =H7*T7 -> 0 | W7: =IF(U7=0,"",V7/U7) | X7: =IF(W7="","未計測",IF(W7>=1,"予定通り/前倒し",IF(W7>=0.9,"要注意","遅延"))) -> 未計測
A8: 1.3.1.1 | B8: 要件定義 | C8: 決済方式 | D8: 決済方式整理 | E8: Stripe Checkout採用可否を整理する | F8: 46218 | G8: 46219 | H8: 1.5 | L8: 川波 | M8: 横溝、小室 | N8: 未着手 | O8: 高 | P8: 1.1.1.2 | Q8: 決済方式比較 | S8: =IF(OR(F8="",G8=""),0,MAX(0,MIN(1,(サマリ!$B$9-F8+1)/(G8-F8+1)))) -> 0 | T8: =IF(N8="完了",1,IF(N8="進行中",0.5,IF(N8="保留",0,0))) -> 0 | U8: =H8*S8 -> 0 | V8: =H8*T8 -> 0 | W8: =IF(U8=0,"",V8/U8) | X8: =IF(W8="","未計測",IF(W8>=1,"予定通り/前倒し",IF(W8>=0.9,"要注意","遅延"))) -> 未計測
A9: 1.3.1.2 | B9: 要件定義 | C9: 決済方式 | D9: 決済方式整理 | E9: Billing/Subscriptionを初期対象外にする条件を整理する | F9: 46219 | G9: 46219 | H9: 1 | L9: 川波 | M9: 横溝、小室 | N9: 未着手 | O9: 中 | P9: 1.3.1.1 | Q9: 対象外整理 | S9: =IF(OR(F9="",G9=""),0,MAX(0,MIN(1,(サマリ!$B$9-F9+1)/(G9-F9+1)))) -> 0 | T9: =IF(N9="完了",1,IF(N9="進行中",0.5,IF(N9="保留",0,0))) -> 0 | U9: =H9*S9 -> 0 | V9: =H9*T9 -> 0 | W9: =IF(U9=0,"",V9/U9) | X9: =IF(W9="","未計測",IF(W9>=1,"予定通り/前倒し",IF(W9>=0.9,"要注意","遅延"))) -> 未計測
A10: 1.3.1.3 | B10: 要件定義 | C10: 決済方式 | D10: 決済方式整理 | E10: Payment Intent/Checkout Sessionに保持するIDを定義する | F10: 46219 | G10: 46219 | H10: 1.5 | L10: 川波 | M10: 小室 | N10: 未着手 | O10: 高 | P10: 1.3.1.1 | Q10: ID管理方針 | S10: =IF(OR(F10="",G10=""),0,MAX(0,MIN(1,(サマリ!$B$9-F10+1)/(G10-F10+1)))) -> 0 | T10: =IF(N10="完了",1,IF(N10="進行中",0.5,IF(N10="保留",0,0))) -> 0 | U10: =H10*S10 -> 0 | V10: =H10*T10 -> 0 | W10: =IF(U10=0,"",V10/U10) | X10: =IF(W10="","未計測",IF(W10>=1,"予定通り/前倒し",IF(W10>=0.9,"要注意","遅延"))) -> 未計測
A11: 1.4.1.1 | B11: 要件定義 | C11: 顧客名寄せ | D11: 名寄せルール表 | E11: Stripe Customer ID完全一致ルールを定義する | F11: 46219 | G11: 46219 | H11: 1 | L11: 川波 | M11: 横溝、小室 | N11: 未着手 | O11: 高 | P11: 1.3.1.3 | Q11: 名寄せルール | S11: =IF(OR(F11="",G11=""),0,MAX(0,MIN(1,(サマリ!$B$9-F11+1)/(G11-F11+1)))) -> 0 | T11: =IF(N11="完了",1,IF(N11="進行中",0.5,IF(N11="保留",0,0))) -> 0 | U11: =H11*S11 -> 0 | V11: =H11*T11 -> 0 | W11: =IF(U11=0,"",V11/U11) | X11: =IF(W11="","未計測",IF(W11>=1,"予定通り/前倒し",IF(W11>=0.9,"要注意","遅延"))) -> 未計測
A12: 1.4.1.2 | B12: 要件定義 | C12: 顧客名寄せ | D12: 名寄せルール表 | E12: メール・会社名・電話番号による候補判定を定義する | F12: 46220 | G12: 46220 | H12: 1.5 | L12: 川波 | M12: 横溝、小室、中山 | N12: 未着手 | O12: 高 | P12: 1.4.1.1 | Q12: 候補判定ルール | S12: =IF(OR(F12="",G12=""),0,MAX(0,MIN(1,(サマリ!$B$9-F12+1)/(G12-F12+1)))) -> 0 | T12: =IF(N12="完了",1,IF(N12="進行中",0.5,IF(N12="保留",0,0))) -> 0 | U12: =H12*S12 -> 0 | V12: =H12*T12 -> 0 | W12: =IF(U12=0,"",V12/U12) | X12: =IF(W12="","未計測",IF(W12>=1,"予定通り/前倒し",IF(W12>=0.9,"要注意","遅延"))) -> 未計測
A13: 1.4.1.3 | B13: 要件定義 | C13: 顧客名寄せ | D13: 名寄せルール表 | E13: 複数候補・未解決時の手動確認運用を定義する | F13: 46220 | G13: 46220 | H13: 1.5 | L13: 川波 | M13: 中山、玉木 | N13: 未着手 | O13: 高 | P13: 1.4.1.2 | Q13: 手動確認運用 | S13: =IF(OR(F13="",G13=""),0,MAX(0,MIN(1,(サマリ!$B$9-F13+1)/(G13-F13+1)))) -> 0 | T13: =IF(N13="完了",1,IF(N13="進行中",0.5,IF(N13="保留",0,0))) -> 0 | U13: =H13*S13 -> 0 | V13: =H13*T13 -> 0 | W13: =IF(U13=0,"",V13/U13) | X13: =IF(W13="","未計測",IF(W13>=1,"予定通り/前倒し",IF(W13>=0.9,"要注意","遅延"))) -> 未計測
... A138: 8.1.1.1 | B138: 予備 | C138: 調整 | D138: 調整対応 | E138: 要件調整・障害対応に充当する | F138: 46217 | G138: 46244 | H138: 8 | L138: 川波 | M138: 必要に応じて | N138: 未着手 | O138: 中 | P138: - | Q138: 調整対応 | S138: =IF(OR(F138="",G138=""),0,MAX(0,MIN(1,(サマリ!$B$9-F138+1)/(G138-F138+1)))) -> 0.035714286 | T138: =IF(N138="完了",1,IF(N138="進行中",0.5,IF(N138="保留",0,0))) -> 0 | U138: =H138*S138 -> 0.28571429 | V138: =H138*T138 -> 0 | W138: =IF(U138=0,"",V138/U138) -> 0 | X138: =IF(W138="","未計測",IF(W138>=1,"予定通り/前倒し",IF(W138>=0.9,"要注意","遅延"))) -> 遅延

Sheet 移行準備
A1: 区分 | B1: L4タスク | C1: 主担当 | D1: 確認者 | E1: 完了条件
A2: 業務移行 | B2: 現行freee/Stripe/Salesforce運用との差分整理 | C2: 川波 | D2: 中山、玉木、高山 | E2: 担当・タイミング・確認画面が明確
A3: 業務移行 | B3: 営業・経理向け運用手順作成 | C3: 川波 | D3: 中山、玉木 | E3: 操作手順と一次対応が明記
A4: システム移行 | B4: 本番反映対象メタデータ整理 | C4: 川波 | D4: 小室 | E4: リリース対象が明確
A5: システム移行 | B5: Stripe接続設定確認 | C5: 川波 | D5: 横溝、小室 | E5: APIキー、Webhook、署名シークレット手順が確定
A6: データ移行 | B6: 既存Stripe Customer ID取得方針整理 | C6: 川波 | D6: 横溝、小室 | E6: Salesforce取引先への紐づけ方法が決定
A7: データ移行 | B7: 名寄せ・照合ルール確定 | C7: 川波 | D7: 横溝、中山 | E7: 完全一致・手動確認基準が決定
A8: データ移行 | B8: 移行後照合 | C8: 川波 | D8: 中山、高山 | E8: 件数・未紐づけ・重複候補の確認観点が揃う

Sheet マイルストーン
A1: 日付 | B1: マイルストーン | C1: 判定基準 | D1: 主な確認者
A2: 46222 | B2: 要件・方式確定 | C2: スコープ、対象外、名寄せ、決済方式が確定 | D2: 横溝、高山、中山
A3: 46226 | B3: 設計確定 | C3: オブジェクト、項目、API、Webhook、権限設計が確定 | D3: 横溝、小室
A4: 46236 | B4: 主要実装完了 | C4: Checkout作成、Webhook受信、ログ、権限の実装が完了 | D4: 小室
A5: 46240 | B5: 結合テスト完了 | C5: 決済成功・失敗・期限切れの主要シナリオが通過 | D5: 小室、中山
A6: 46242 | B6: 移行準備完了 | C6: 業務移行、システム移行、データ移行の手順が揃う | D6: 中山、玉木、横溝
A7: 46243 | B7: UAT・移行リハ・リリース判定 | C7: 主要UATと移行リハが完了し重大障害なし | D7: 高山、加藤、横溝
A8: 46244 | B8: リリース完了 | C8: 本番反映、権限確認、疎通確認、完了報告が完了 | D8: 高山、加藤

Sheet 体制
A1: メンバー | B1: 役割 | C1: WBS上の主な関与
A2: 横溝（CTO） | B2: 決済・自社サービスシステム構築全体 | C2: アーキテクチャ確認、Stripe方針確認、技術判断
A3: 小室 | B3: アプリケーションエンジニア | C3: Stripe API仕様確認、Webhook仕様確認、技術レビュー
A4: 中山（総務） | B4: 経理担当 | C4: 決済ステータス、未入金、返金・取消、経理UAT確認
A5: 玉木 | B5: CS担当 | C5: 契約・請求フロー、CS観点のUAT、ダッシュボード確認
A6: 高山 | B6: CSO | C6: 全体方針確認、業務影響確認、リリース判断
A7: 加藤 | B7: 代表 | C7: 収益管理観点、経営ダッシュボード観点、最終承認
A8: 畝山 | B8: 受託PM | C8: 受託案件フローのUAT、例外パターン確認
A9: 古川・桐谷 | B9: 営業インターン | C9: 必要に応じて営業入力フロー確認

Sheet リスク
A1: No | B1: リスク | C1: 影響 | D1: 対策 | E1: 関連フェーズ
A2: 1 | B2: Stripe Customerの名寄せ誤り | C2: 別顧客への決済紐づけ | D2: 完全一致以外は手動確認 | E2: 要件定義/データ移行
A3: 2 | B3: Webhook未着・重複 | C3: 決済状態不整合 | D3: Event ID冪等性、再取得バッチ | E3: 実装/テスト
A4: 3 | B4: Stripe API仕様・認証設定の確認遅延 | C4: 実装遅延 | D4: 横溝・小室に早期確認依頼 | E4: 設計/システム移行
A5: 4 | B5: 経理運用がfreeeとStripeで混在 | C5: 入金確認漏れ | D5: 役割分担を明文化 | E5: 業務移行
A6: 5 | B6: 期間内にフルスコープが収まらない | C6: リリース遅延 | D6: 初期スコープを絞る | E6: 全体
A7: 6 | B7: 業務移行の周知不足 | C7: 旧運用継続による二重管理 | D7: 切替日と問い合わせ先を周知 | E7: 業務移行
