Workbook

Sheet 課題・指摘一覧
A1: No | B1: 起票日 | C1: 種別 | D1: 優先度 | E1: 影響度 | F1: ステータス | G1: 件名 | H1: 具体内容 | I1: 対象機能/オブジェクト | J1: 発見者 | K1: 担当者 | L1: 期限 | M1: 解消日 | N1: 未解決日数 | O1: 対応方針 | P1: 対応内容 | Q1: 再発防止 | R1: 関連URL/レコードID | S1: 備考
A2: 1 | B2: 46211 | C2: 課題 | D2: 高 | E2: 業務影響あり | F2: 未対応 | G2: 例: Freee請求取得エラー | H2: 現象、発生条件、期待動作を記載 | I2: Freee請求移行Work | J2: 経理 | L2: 46218 | N2: =IF(F2="完了","",TODAY()-B2)
A3: 2 | N3: =IF(F3="完了","",IF(B3="","",TODAY()-B3))
A4: 3 | N4: =IF(F4="完了","",IF(B4="","",TODAY()-B4))
A5: 4 | N5: =IF(F5="完了","",IF(B5="","",TODAY()-B5))
A6: 5 | N6: =IF(F6="完了","",IF(B6="","",TODAY()-B6))
A7: 6 | N7: =IF(F7="完了","",IF(B7="","",TODAY()-B7))
A8: 7 | N8: =IF(F8="完了","",IF(B8="","",TODAY()-B8))
A9: 8 | N9: =IF(F9="完了","",IF(B9="","",TODAY()-B9))
A10: 9 | N10: =IF(F10="完了","",IF(B10="","",TODAY()-B10))
A11: 10 | N11: =IF(F11="完了","",IF(B11="","",TODAY()-B11))
A12: 11 | N12: =IF(F12="完了","",IF(B12="","",TODAY()-B12))
A13: 12 | N13: =IF(F13="完了","",IF(B13="","",TODAY()-B13))
A14: 13 | N14: =IF(F14="完了","",IF(B14="","",TODAY()-B14))
... A101: 100 | N101: =IF(F101="完了","",IF(B101="","",TODAY()-B101))

Sheet サマリ
A1: 運用保守 課題・指摘サマリ
A2: 指標 | B2: 件数
A3: 全件 | B3: =COUNTA('課題・指摘一覧'!G2:G101)
A4: 未対応 | B4: =COUNTIF('課題・指摘一覧'!F2:F101,"未対応")
A5: 対応中 | B5: =COUNTIF('課題・指摘一覧'!F2:F101,"対応中")
A6: 確認待ち | B6: =COUNTIF('課題・指摘一覧'!F2:F101,"確認待ち")
A7: 完了 | B7: =COUNTIF('課題・指摘一覧'!F2:F101,"完了")
A8: 保留 | B8: =COUNTIF('課題・指摘一覧'!F2:F101,"保留")
A9: 高優先度未完了 | B9: =COUNTIFS('課題・指摘一覧'!D2:D101,"高",'課題・指摘一覧'!F2:F101,"<>完了")

Sheet 入力ルール
A1: 項目 | B1: 候補/説明
A2: 種別 | B2: 課題 / 指摘 / 質問 / 改善要望 / 障害
A3: 優先度 | B3: 緊急 / 高 / 中 / 低
A4: 影響度 | B4: 業務停止 / 業務影響あり / 軽微 / 影響なし
A5: ステータス | B5: 未対応 / 対応中 / 確認待ち / 完了 / 保留 / 取下げ
A6: 運用ルール | B6: 起票時は件名・具体内容・対象機能・発見者・優先度を必須入力。完了時は解消日・対応内容を入力。
